{"cameraMode":{"drawMode":0,"name":"Shaded","section":"Shading Mode"},"sceneLighting":true,"audioPlay":false,"sceneViewState":{"m_AlwaysRefresh":false,"showFog":true,"showSkybox":true,"showFlares":true,"showImageEffects":true,"showParticleSystems":true,"showVisualEffectGraphs":true,"m_FxEnabled":true},"in2DMode":false,"pivot":{"x":26.042795181274415,"y":-0.30488231778144839,"z":32.72620391845703},"rotation":{"x":0.1090812161564827,"y":0.7323394417762756,"z":-0.12081599235534668,"w":0.6612069606781006},"size":2.335852861404419,"orthographic":false}